{"_timestamp":1.73642365072498e+09,"_runtime":190.5530222,"_step":4689,"train_loss":0.1905415952205658,"train_accuracy":0.9375,"_wandb":{"runtime":190}}